transaction_date,total_transactions,actual_fraud_transactions,predicted_high_risk_transactions,total_transaction_value,actual_fraud_value,potential_exposure,fraud_rate
2024-01-01,274,9,96,29555.170000000002,3748.6399999999994,13465.16,3.2847
2024-01-02,274,4,85,28242.49,428.94,9735.630000000001,1.4599
2024-01-03,274,6,82,24620.4,1978.0,7679.84,2.1898
2024-01-04,274,4,82,20396.7,372.77000000000004,5699.72,1.4599
2024-01-05,274,9,70,27241.83,3446.7200000000003,9836.39,3.2847
2024-01-06,274,7,87,29913.94,6439.4800000000005,13850.26,2.5547
2024-01-07,274,12,96,25870.48,4428.72,10632.67,4.3796
2024-01-08,274,8,91,28085.75,1788.6,11077.34,2.9197
2024-01-09,274,15,74,27175.7,4567.24,8419.06,5.4745
2024-01-10,274,8,97,22532.14,1627.8600000000001,9594.53,2.9197
2024-01-11,274,9,107,26579.46,4153.46,11608.46,3.2847
2024-01-12,274,9,94,24375.99,373.88,8202.63,3.2847
2024-01-13,274,14,91,32139.8,8520.81,14133.16,5.1095
2024-01-14,274,10,80,28426.71,5901.26,10250.59,3.6496
2024-01-15,274,8,83,26698.12,377.6,9073.880000000001,2.9197
2024-01-16,274,5,84,26492.97,326.17,8198.33,1.8248
2024-01-17,274,6,94,24854.12,1748.0,8917.81,2.1898
2024-01-18,274,12,95,26723.02,3748.4900000000002,11747.12,4.3796
2024-01-19,274,7,97,21339.39,363.86,5883.14,2.5547
2024-01-20,274,13,96,26319.11,1036.6100000000001,7192.82,4.7445
2024-01-21,274,6,90,22962.78,1804.1,7842.05,2.1898
2024-01-22,274,8,99,26347.42,5588.7699999999995,12647.05,2.9197
2024-01-23,274,8,95,28656.56,588.9300000000001,9090.98,2.9197
2024-01-24,274,12,90,24071.87,2829.4300000000003,7429.8,4.3796
2024-01-25,274,7,84,25086.56,424.42,6213.89,2.5547
2024-01-26,274,4,97,24598.09,2334.8900000000003,10072.81,1.4599
2024-01-27,274,11,92,25200.07,770.06,6899.099999999999,4.0146
2024-01-28,274,9,78,31154.74,3899.02,11604.62,3.2847
2024-01-29,274,9,100,23693.23,577.36,7117.03,3.2847
2024-01-30,274,8,90,26620.12,1465.6299999999999,7614.86,2.9197
2024-01-31,274,3,87,21259.83,306.65,5738.28,1.0949
2024-02-01,274,7,88,21909.65,493.4,6240.95,2.5547
2024-02-02,274,9,98,23746.9,1299.82,8064.65,3.2847
2024-02-03,274,11,93,19705.05,764.78,6590.24,4.0146
2024-02-04,273,2,94,21515.86,255.05,7209.93,0.7326
2024-02-05,274,8,81,25909.43,2505.8199999999997,7836.16,2.9197
2024-02-06,274,9,93,34933.12,12081.21,19158.02,3.2847
2024-02-07,274,7,86,27649.81,4675.92,11653.34,2.5547
2024-02-08,274,9,89,27846.01,4340.03,10810.94,3.2847
2024-02-09,274,10,96,27622.53,1774.84,8973.88,3.6496
2024-02-10,274,6,88,29282.65,2979.46,8704.74,2.1898
2024-02-11,274,5,76,28069.68,2466.22,10057.24,1.8248
2024-02-12,274,4,84,22561.13,1058.33,6592.48,1.4599
2024-02-13,274,8,93,23142.66,660.31,6379.59,2.9197
2024-02-14,274,9,94,25975.6,504.32,9610.36,3.2847
2024-02-15,274,4,92,26118.15,266.15999999999997,7096.62,1.4599
2024-02-16,274,4,95,21216.85,489.25,7474.0599999999995,1.4599
2024-02-17,274,6,88,24645.16,589.0600000000001,7365.67,2.1898
2024-02-18,274,7,92,19770.89,1689.32,6563.07,2.5547
2024-02-19,274,13,86,26730.52,4234.96,9807.99,4.7445
2024-02-20,274,3,82,25683.15,188.96999999999997,7756.7,1.0949
2024-02-21,274,8,95,24863.16,528.45,9204.3,2.9197
2024-02-22,274,11,90,24184.05,5323.49,11575.66,4.0146
2024-02-23,274,8,97,28535.99,2166.72,9386.59,2.9197
2024-02-24,274,9,80,26136.6,4731.51,10929.01,3.2847
2024-02-25,274,6,89,25929.64,246.05,7787.91,2.1898
2024-02-26,274,8,91,30177.83,732.05,12872.17,2.9197
2024-02-27,274,8,95,25019.62,3776.6400000000003,11758.77,2.9197
2024-02-28,274,7,86,22409.3,1622.43,6719.82,2.5547
2024-02-29,274,4,72,22731.61,1823.69,6445.75,1.4599
2024-03-01,274,8,93,27780.850000000002,509.66,9143.1,2.9197
2024-03-02,274,11,84,30975.75,9560.61,14459.97,4.0146
2024-03-03,274,6,90,27396.3,4657.31,10269.75,2.1898
2024-03-04,274,9,85,24915.34,408.65,6116.9,3.2847
2024-03-05,274,10,99,25581.42,1719.53,9454.74,3.6496
2024-03-06,274,7,87,24067.43,2354.4300000000003,10111.68,2.5547
2024-03-07,274,5,98,23394.39,397.28000000000003,9398.34,1.8248
2024-03-08,274,6,89,20801.44,255.79,7170.41,2.1898
2024-03-09,274,9,89,28873.61,3083.88,9909.31,3.2847
2024-03-10,273,8,99,25210.48,988.64,10167.15,2.9304
2024-03-11,274,6,79,26614.25,456.90000000000003,9414.03,2.1898
2024-03-12,274,6,86,24079.49,1561.7499999999998,7049.36,2.1898
2024-03-13,274,6,91,26703.53,2981.3700000000003,10061.18,2.1898
2024-03-14,274,8,80,25515.670000000002,2166.6,7239.1,2.9197
2024-03-15,274,8,76,19764.59,364.29,4254.33,2.9197
2024-03-16,274,3,86,24104.16,1841.92,8780.82,1.0949
2024-03-17,274,13,90,22633.11,893.36,6906.96,4.7445
2024-03-18,274,7,83,26204.12,2212.49,7531.72,2.5547
2024-03-19,274,6,89,27577.26,5205.59,12775.61,2.1898
2024-03-20,274,7,74,27963.38,1520.79,7771.19,2.5547
2024-03-21,274,9,100,24947.32,3006.11,9577.89,3.2847
2024-03-22,274,7,94,22876.29,343.51,6925.69,2.5547
2024-03-23,274,8,91,29349.44,3098.1,11182.88,2.9197
2024-03-24,274,5,74,21979.57,404.87,4969.24,1.8248
2024-03-25,274,12,86,19911.77,764.6,6694.66,4.3796
2024-03-26,274,7,94,28737.85,1162.61,10178.11,2.5547
2024-03-27,274,8,89,24993.21,2017.3700000000001,7287.31,2.9197
2024-03-28,274,10,95,26445.52,2593.82,11339.97,3.6496
2024-03-29,274,5,98,24432.4,1243.32,8193.61,1.8248
2024-03-30,274,8,78,29856.16,3153.72,9780.88,2.9197
2024-03-31,274,13,81,26244.3,3015.2,9230.78,4.7445
2024-04-01,274,9,92,20634.92,429.48,6907.73,3.2847
2024-04-02,274,10,84,30175.11,2873.55,10775.1,3.6496
2024-04-03,274,10,93,32104.02,3522.32,11824.140000000001,3.6496
2024-04-04,274,8,94,23674.11,1861.56,7796.77,2.9197
2024-04-05,274,8,96,24063.14,298.32,7635.49,2.9197
2024-04-06,274,6,89,25796.46,2720.55,12106.11,2.1898
2024-04-07,274,12,95,22431.96,2358.0,8158.43,4.3796
2024-04-08,274,5,83,32124.6,497.27,12723.87,1.8248
2024-04-09,274,8,81,31727.46,2419.48,9590.62,2.9197
2024-04-10,274,10,88,25665.93,4283.12,11026.72,3.6496
2024-04-11,274,5,89,22486.44,226.27,6500.5,1.8248
2024-04-12,274,10,86,25940.3,1080.97,6583.49,3.6496
2024-04-13,274,12,93,29696.09,7162.250000000001,14687.9,4.3796
2024-04-14,273,7,93,22135.4,1819.99,6597.64,2.5641
2024-04-15,274,10,87,37023.409999999996,10494.16,18384.54,3.6496
2024-04-16,274,8,87,23041.54,1492.4299999999998,7909.92,2.9197
2024-04-17,274,8,83,26257.83,322.23,6564.37,2.9197
2024-04-18,274,6,99,22166.03,845.45,8767.54,2.1898
2024-04-19,274,9,79,24680.99,3087.86,8754.32,3.2847
2024-04-20,274,8,100,24589.97,3222.35,10168.05,2.9197
2024-04-21,274,12,85,23036.96,2011.8400000000001,6915.32,4.3796
2024-04-22,274,10,96,19875.43,735.97,7265.07,3.6496
2024-04-23,274,4,89,23882.4,1529.37,7350.0,1.4599
2024-04-24,274,10,84,23843.08,1828.13,7621.55,3.6496
2024-04-25,274,12,89,27180.58,3194.41,11454.27,4.3796
2024-04-26,274,4,92,22927.87,1236.98,8500.17,1.4599
2024-04-27,274,5,96,25324.72,1576.6499999999999,9115.93,1.8248
2024-04-28,274,6,98,22554.8,294.56,8347.93,2.1898
2024-04-29,274,6,105,36301.61,2766.5600000000004,21297.02,2.1898
2024-04-30,274,2,91,24823.41,79.28,6723.77,0.7299
2024-05-01,274,6,93,21584.3,180.19,6899.36,2.1898
2024-05-02,274,9,80,23830.78,720.51,6563.16,3.2847
2024-05-03,274,10,105,23575.04,2737.6,10028.710000000001,3.6496
2024-05-04,274,10,102,26385.16,2308.14,9289.56,3.6496
2024-05-05,274,6,86,23033.54,320.79,6366.06,2.1898
2024-05-06,274,7,93,21811.01,444.63,6351.01,2.5547
2024-05-07,274,6,95,26511.079999999998,2125.78,9200.75,2.1898
2024-05-08,274,7,103,24291.3,2647.83,9778.869999999999,2.5547
2024-05-09,274,7,81,25113.79,3432.6800000000003,10267.02,2.5547
2024-05-10,274,14,112,22883.13,1460.33,10059.67,5.1095
2024-05-11,274,9,84,23424.09,3641.23,9817.66,3.2847
2024-05-12,274,8,81,30037.11,465.16999999999996,10034.86,2.9197
2024-05-13,274,7,91,23984.78,427.33,7464.02,2.5547
2024-05-14,274,5,82,24148.56,1369.9199999999998,7638.53,1.8248
2024-05-15,274,9,101,26293.02,3651.71,9961.3,3.2847
2024-05-16,274,3,78,25678.52,113.66,8145.36,1.0949
2024-05-17,274,4,87,25749.81,263.71,7153.17,1.4599
2024-05-18,274,8,100,26647.55,4285.92,12880.95,2.9197
2024-05-19,273,5,87,22206.04,552.88,6908.88,1.8315
2024-05-20,274,5,95,24092.82,173.79,5405.82,1.8248
2024-05-21,274,10,96,25885.5,1701.8999999999999,8466.56,3.6496
2024-05-22,274,9,88,24148.54,1802.92,8673.29,3.2847
2024-05-23,274,12,88,25959.73,3073.74,8310.32,4.3796
2024-05-24,274,11,85,28184.16,5203.33,12362.57,4.0146
2024-05-25,274,7,100,25804.04,4753.71,12415.369999999999,2.5547
2024-05-26,274,11,98,26702.19,1938.9,10313.69,4.0146
2024-05-27,274,4,91,21873.11,222.18,7236.03,1.4599
2024-05-28,274,8,100,23214.77,2894.1400000000003,8999.67,2.9197
2024-05-29,274,8,91,21379.57,1276.3999999999999,7940.88,2.9197
2024-05-30,274,8,89,23397.66,3049.2,9716.04,2.9197
2024-05-31,274,7,81,22138.33,317.64,7137.63,2.5547
2024-06-01,274,10,77,24890.54,3004.8,7388.55,3.6496
2024-06-02,274,11,97,28679.6,4614.55,12747.55,4.0146
2024-06-03,274,9,96,21519.25,861.49,8661.09,3.2847
2024-06-04,274,5,89,24458.73,796.29,6307.2,1.8248
2024-06-05,274,8,90,24401.93,3522.1000000000004,9820.02,2.9197
2024-06-06,274,7,76,28394.48,2076.23,7216.38,2.5547
2024-06-07,274,7,92,23160.88,2827.7700000000004,8708.94,2.5547
2024-06-08,274,12,77,25357.16,1803.8400000000001,10281.619999999999,4.3796
2024-06-09,274,7,68,22985.52,343.78,5679.31,2.5547
2024-06-10,274,10,94,23399.74,1707.75,9218.98,3.6496
2024-06-11,274,11,98,25733.43,969.39,9004.87,4.0146
2024-06-12,274,7,81,21219.14,784.06,6111.85,2.5547
2024-06-13,274,10,94,27725.71,3302.77,11846.08,3.6496
2024-06-14,274,10,96,25377.56,1696.4,11986.26,3.6496
2024-06-15,274,10,85,28280.44,5041.66,10265.28,3.6496
2024-06-16,274,9,90,22620.45,1040.08,6431.57,3.2847
2024-06-17,274,10,103,20664.829999999998,429.54999999999995,6890.96,3.6496
2024-06-18,274,5,95,23415.06,678.24,7557.2300000000005,1.8248
2024-06-19,274,7,84,24698.39,342.04,6415.8,2.5547
2024-06-20,274,5,83,23114.31,894.8900000000001,7651.38,1.8248
2024-06-21,274,3,91,29739.52,4202.84,11130.359999999999,1.0949
2024-06-22,273,9,101,25700.41,5628.29,13500.57,3.2967
2024-06-23,274,11,101,30350.21,2955.36,15121.18,4.0146
2024-06-24,274,11,88,25804.41,1997.79,9948.06,4.0146
2024-06-25,274,5,77,22595.58,678.11,6357.63,1.8248
2024-06-26,274,7,97,25327.88,1534.1299999999999,9501.97,2.5547
2024-06-27,274,11,82,27072.77,6757.8,12036.07,4.0146
2024-06-28,274,6,93,26612.56,706.02,8584.59,2.1898
2024-06-29,274,6,83,24081.3,2047.6200000000001,8929.720000000001,2.1898
2024-06-30,274,8,87,26702.61,708.98,8957.76,2.9197
2024-07-01,274,6,87,20244.08,264.2,6517.81,2.1898
2024-07-02,274,13,81,21282.62,693.32,5211.06,4.7445
2024-07-03,274,8,81,25782.87,3960.59,9776.07,2.9197
2024-07-04,274,5,86,24913.02,97.53999999999999,7179.55,1.8248
2024-07-05,274,9,80,22609.54,840.76,7100.56,3.2847
2024-07-06,274,10,93,25866.65,1148.19,8092.33,3.6496
2024-07-07,274,7,82,24950.61,219.14000000000001,4741.99,2.5547
2024-07-08,274,9,85,22605.97,2876.37,9328.64,3.2847
2024-07-09,274,6,79,22162.09,1210.35,6100.84,2.1898
2024-07-10,274,4,92,23678.58,213.20000000000002,8121.5599999999995,1.4599
2024-07-11,274,10,109,24695.260000000002,4656.96,11416.42,3.6496
2024-07-12,274,11,86,20544.41,914.18,5924.49,4.0146
2024-07-13,274,4,93,26912.61,2037.63,9559.12,1.4599
2024-07-14,274,10,98,25629.63,1982.06,8157.5,3.6496
2024-07-15,274,8,87,21051.36,1428.2199999999998,7618.96,2.9197
2024-07-16,274,12,89,22560.41,1768.7900000000002,7850.94,4.3796
2024-07-17,274,4,84,22908.39,564.05,6651.97,1.4599
2024-07-18,274,9,97,27114.09,2847.93,9218.86,3.2847
2024-07-19,274,11,90,22217.34,3271.41,8130.91,4.0146
2024-07-20,274,6,90,27695.54,2122.31,12063.57,2.1898
2024-07-21,274,5,89,27009.989999999998,6529.709999999999,12347.08,1.8248
2024-07-22,274,3,74,25412.99,190.32,8383.57,1.0949
2024-07-23,274,8,82,26305.670000000002,909.02,8060.3,2.9197
2024-07-24,274,3,79,22368.64,272.03,6355.4,1.0949
2024-07-25,274,15,93,22851.45,2393.3199999999997,7776.95,5.4745
2024-07-26,274,8,92,23310.39,587.71,7303.38,2.9197
2024-07-27,273,12,92,28133.56,4347.98,12401.77,4.3956
2024-07-28,274,8,81,24476.27,351.21000000000004,6015.15,2.9197
2024-07-29,274,9,89,29319.0,1249.8600000000001,8918.66,3.2847
2024-07-30,274,8,77,24807.11,1903.9900000000002,7228.27,2.9197
2024-07-31,274,6,77,24316.74,462.79,5044.1,2.1898
2024-08-01,274,11,84,23191.99,3124.09,7868.63,4.0146
2024-08-02,274,6,81,26622.61,198.23000000000002,7345.490000000001,2.1898
2024-08-03,274,4,94,24777.96,5232.6900000000005,11705.869999999999,1.4599
2024-08-04,274,13,91,33500.06,6742.95,18974.08,4.7445
2024-08-05,274,8,91,22930.27,414.21,5908.94,2.9197
2024-08-06,274,10,98,24700.37,2043.1,8853.779999999999,3.6496
2024-08-07,274,7,72,23123.32,369.14,6491.61,2.5547
2024-08-08,274,4,83,26163.36,4264.66,10109.35,1.4599
2024-08-09,274,8,89,20469.31,857.69,7511.55,2.9197
2024-08-10,274,11,95,28618.13,3982.65,11664.210000000001,4.0146
2024-08-11,274,5,80,24200.34,505.91999999999996,6879.51,1.8248
2024-08-12,274,9,93,31371.66,7174.87,13130.81,3.2847
2024-08-13,274,6,88,25041.15,1745.71,9927.83,2.1898
2024-08-14,274,6,79,27364.71,2020.3600000000001,8004.52,2.1898
2024-08-15,274,7,99,19793.71,877.71,6487.58,2.5547
2024-08-16,274,4,85,25422.01,181.88,9342.65,1.4599
2024-08-17,274,8,81,24819.15,3198.3700000000003,8192.57,2.9197
2024-08-18,274,6,91,25486.87,3523.49,9056.17,2.1898
2024-08-19,274,3,94,23978.44,274.43,8877.75,1.0949
2024-08-20,274,8,87,23912.03,1057.32,7169.4,2.9197
2024-08-21,274,8,81,23336.21,550.68,7413.21,2.9197
2024-08-22,274,8,95,24124.75,1740.1,9179.89,2.9197
2024-08-23,274,10,91,24302.72,1820.69,10501.36,3.6496
2024-08-24,274,5,81,26910.079999999998,554.1999999999999,8086.0599999999995,1.8248
2024-08-25,274,12,76,26062.170000000002,4943.13,9418.41,4.3796
2024-08-26,274,4,84,24522.579999999998,760.0,7439.54,1.4599
2024-08-27,274,3,81,25073.29,175.31,9317.76,1.0949
2024-08-28,274,6,83,24093.87,145.85,6013.87,2.1898
2024-08-29,274,7,93,25989.91,1811.2,9352.31,2.5547
2024-08-30,274,8,87,23704.4,1315.13,7423.04,2.9197
2024-08-31,273,12,96,25097.96,2011.04,10346.66,4.3956
2024-09-01,274,9,102,21952.03,503.18,8158.57,3.2847
2024-09-02,274,7,93,24349.99,3546.25,9669.6,2.5547
2024-09-03,274,8,97,21412.77,1528.8200000000002,7107.84,2.9197
2024-09-04,274,6,81,24603.17,785.06,5816.7,2.1898
2024-09-05,274,14,96,24049.39,4269.78,10962.4,5.1095
2024-09-06,274,6,79,25061.71,2326.97,7230.71,2.1898
2024-09-07,274,6,97,27500.67,553.3299999999999,9633.039999999999,2.1898
2024-09-08,274,5,76,24135.43,241.35,6183.99,1.8248
2024-09-09,274,4,85,31017.22,1678.1799999999998,13472.23,1.4599
2024-09-10,274,8,87,22763.95,697.7,5043.45,2.9197
2024-09-11,274,6,89,26384.95,1401.63,8482.6,2.1898
2024-09-12,274,5,81,24263.44,901.9200000000001,9853.09,1.8248
2024-09-13,274,8,94,34639.03,1719.3500000000001,16404.37,2.9197
2024-09-14,274,10,87,24577.26,1893.0800000000002,9051.53,3.6496
2024-09-15,274,9,94,24204.86,2768.6299999999997,10070.06,3.2847
2024-09-16,274,1,67,22273.05,48.7,7734.78,0.365
2024-09-17,274,11,90,25997.18,2515.93,8835.13,4.0146
2024-09-18,274,12,88,26732.19,4126.82,11952.75,4.3796
2024-09-19,274,9,81,23708.87,669.06,7704.4,3.2847
2024-09-20,274,10,92,26991.86,2747.97,10209.97,3.6496
2024-09-21,274,9,95,25519.58,4262.5599999999995,10465.76,3.2847
2024-09-22,274,9,85,28736.79,3856.9399999999996,10526.42,3.2847
2024-09-23,274,7,89,23588.85,2970.88,9642.07,2.5547
2024-09-24,274,9,71,25949.56,2331.71,7720.8,3.2847
2024-09-25,274,10,92,23945.19,1998.9,7798.47,3.6496
2024-09-26,274,8,88,28082.170000000002,2933.91,9664.76,2.9197
2024-09-27,274,8,98,27025.23,3149.52,12083.8,2.9197
2024-09-28,274,5,86,24243.14,260.12,6220.57,1.8248
2024-09-29,274,7,85,27632.37,2655.74,9072.710000000001,2.5547
2024-09-30,274,11,97,31911.17,7255.1,16343.25,4.0146
2024-10-01,274,12,88,31868.04,5015.87,13683.43,4.3796
2024-10-02,274,9,89,23239.4,1025.14,5993.38,3.2847
2024-10-03,274,15,93,29063.23,4158.85,13064.130000000001,5.4745
2024-10-04,274,7,87,22036.52,1312.84,6556.63,2.5547
2024-10-05,273,2,82,24971.04,96.11,6780.47,0.7326
2024-10-06,274,8,86,25585.03,2377.67,9059.58,2.9197
2024-10-07,274,15,96,28245.76,6686.79,13396.4,5.4745
2024-10-08,274,12,89,26344.36,3681.87,9157.23,4.3796
2024-10-09,274,7,102,21608.04,1853.17,9156.81,2.5547
2024-10-10,274,8,94,25566.010000000002,3881.5,10550.37,2.9197
2024-10-11,274,4,92,24208.72,2839.0099999999998,9463.34,1.4599
2024-10-12,274,7,92,25361.53,954.7,7767.43,2.5547
2024-10-13,274,10,89,24282.46,839.22,6840.17,3.6496
2024-10-14,274,7,76,21028.79,574.87,4946.91,2.5547
2024-10-15,274,8,92,25119.25,2595.6200000000003,9260.16,2.9197
2024-10-16,274,8,99,27767.04,5319.200000000001,13874.2,2.9197
2024-10-17,274,6,93,24261.89,2400.21,8581.82,2.1898
2024-10-18,274,10,86,29380.02,5950.04,10536.68,3.6496
2024-10-19,274,7,81,22748.5,394.62,6834.8,2.5547
2024-10-20,274,8,77,32900.95,769.19,17006.969999999998,2.9197
2024-10-21,274,4,92,28085.82,3048.92,10382.65,1.4599
2024-10-22,274,5,92,24807.47,457.99,8042.97,1.8248
2024-10-23,274,5,92,25135.579999999998,322.32,7690.4800000000005,1.8248
2024-10-24,274,14,89,25952.99,3192.27,10262.35,5.1095
2024-10-25,274,11,90,26228.94,3011.79,10314.619999999999,4.0146
2024-10-26,274,7,91,20444.15,224.75,6277.98,2.5547
2024-10-27,274,5,86,28067.55,1226.66,11444.14,1.8248
2024-10-28,274,6,77,23707.25,737.5699999999999,6262.88,2.1898
2024-10-29,274,13,92,28467.44,3520.14,12073.22,4.7445
2024-10-30,274,11,82,26906.13,3815.0699999999997,10988.82,4.0146
2024-10-31,274,11,96,23286.920000000002,1823.95,8075.22,4.0146
2024-11-01,274,6,87,23158.82,2576.89,10458.74,2.1898
2024-11-02,274,10,85,25944.76,839.42,7710.96,3.6496
2024-11-03,274,6,92,22412.04,1406.5100000000002,6706.32,2.1898
2024-11-04,274,8,93,22680.75,747.4300000000001,7049.11,2.9197
2024-11-05,274,9,90,24027.72,2337.57,8774.19,3.2847
2024-11-06,274,6,85,27408.38,5186.209999999999,11432.85,2.1898
2024-11-07,274,13,109,22657.01,601.11,10864.56,4.7445
2024-11-08,273,11,82,26830.16,1731.27,8599.71,4.0293
2024-11-09,274,7,97,25049.18,2069.07,8310.89,2.5547
2024-11-10,274,5,83,24085.79,1118.75,6378.53,1.8248
2024-11-11,274,10,85,25953.78,3938.8199999999997,9240.25,3.6496
2024-11-12,274,12,93,26302.74,5110.4,12141.56,4.3796
2024-11-13,274,9,95,27023.71,571.3,12969.23,3.2847
2024-11-14,274,7,95,26523.96,1319.6100000000001,10558.39,2.5547
2024-11-15,274,6,94,20049.72,111.18,6257.21,2.1898
2024-11-16,274,12,92,25339.22,2939.11,8910.65,4.3796
2024-11-17,274,4,90,24456.3,2972.25,9260.7,1.4599
2024-11-18,274,15,85,27717.32,3975.93,9052.27,5.4745
2024-11-19,274,11,102,23677.23,434.73,8136.72,4.0146
2024-11-20,274,7,91,27934.32,1632.9599999999998,9170.73,2.5547
2024-11-21,274,7,75,23122.37,315.19,6804.88,2.5547
2024-11-22,274,7,92,22143.84,507.02,8283.15,2.5547
2024-11-23,274,13,96,22952.58,2463.3,10317.94,4.7445
2024-11-24,274,8,82,23485.87,2600.3999999999996,7751.54,2.9197
2024-11-25,274,13,90,27977.88,2674.15,13511.47,4.7445
2024-11-26,274,11,102,20963.14,651.43,6698.7,4.0146
2024-11-27,274,12,91,25368.79,7432.99,12758.210000000001,4.3796
2024-11-28,274,4,85,26029.57,1407.56,8307.21,1.4599
2024-11-29,274,10,96,26624.0,2976.61,10152.460000000001,3.6496
2024-11-30,274,12,110,25396.55,4341.09,11981.31,4.3796
2024-12-01,274,2,89,21169.46,149.09,6505.07,0.7299
2024-12-02,274,6,93,22451.34,455.27,7432.6900000000005,2.1898
2024-12-03,274,5,99,26005.41,326.26,9827.960000000001,1.8248
2024-12-04,274,12,86,26802.55,1588.84,9233.62,4.3796
2024-12-05,274,5,88,26938.79,482.46,9096.07,1.8248
2024-12-06,274,12,93,26190.4,898.8399999999999,8933.95,4.3796
2024-12-07,274,14,103,30260.22,6771.08,13664.08,5.1095
2024-12-08,274,9,90,24380.55,3699.04,10141.37,3.2847
2024-12-09,274,8,91,24084.78,3192.54,10092.5,2.9197
2024-12-10,274,5,91,23683.02,1326.8,8747.37,1.8248
2024-12-11,274,10,85,27690.77,6594.0,12071.02,3.6496
2024-12-12,274,7,95,22108.57,691.29,7706.67,2.5547
2024-12-13,273,8,94,25008.25,658.1899999999999,8900.75,2.9304
2024-12-14,274,5,86,24971.02,389.51,7580.61,1.8248
2024-12-15,274,8,83,24725.59,963.36,6016.99,2.9197
2024-12-16,274,8,84,25097.07,470.23,9983.06,2.9197
2024-12-17,274,6,90,25000.92,415.57,7625.72,2.1898
2024-12-18,274,9,86,28184.17,4702.07,11578.02,3.2847
2024-12-19,274,7,87,29204.87,5823.860000000001,11817.72,2.5547
2024-12-20,274,10,86,26808.34,4139.17,10685.39,3.6496
2024-12-21,274,7,87,21029.88,558.9599999999999,6353.19,2.5547
2024-12-22,274,14,82,32618.87,3107.59,12348.75,5.1095
2024-12-23,274,6,76,25340.33,1637.79,10030.84,2.1898
2024-12-24,274,6,85,27285.84,1874.87,9031.49,2.1898
2024-12-25,274,17,83,28060.47,3967.93,9539.16,6.2044
2024-12-26,274,6,80,29077.86,3064.8599999999997,9040.06,2.1898
2024-12-27,274,7,92,23812.399999999998,1894.49,9571.789999999999,2.5547
2024-12-28,274,10,96,22196.920000000002,740.01,8872.300000000001,3.6496
2024-12-29,274,4,81,23978.38,178.35999999999999,8588.48,1.4599
2024-12-30,274,6,93,21984.829999999998,349.86,6934.25,2.1898
2024-12-31,274,8,89,24098.72,166.86,8543.21,2.9197
2025-01-01,274,9,84,25175.43,2341.89,9030.21,3.2847
2025-01-02,274,11,90,22120.07,2113.2599999999998,7817.79,4.0146
2025-01-03,274,5,90,25012.1,1475.1999999999998,7610.64,1.8248
2025-01-04,274,8,83,26800.9,4944.360000000001,10551.59,2.9197
2025-01-05,274,8,79,23483.920000000002,510.23,6256.78,2.9197
2025-01-06,274,6,81,24243.36,219.41,5455.61,2.1898
2025-01-07,274,8,75,23337.37,763.14,6148.39,2.9197
2025-01-08,274,4,93,21268.63,264.09999999999997,6256.92,1.4599
2025-01-09,274,12,81,24251.03,2951.75,9332.81,4.3796
2025-01-10,274,2,107,22878.84,476.89,8656.82,0.7299
2025-01-11,274,5,89,23584.58,380.01,5649.29,1.8248
2025-01-12,274,6,84,21045.72,831.75,6379.87,2.1898
2025-01-13,274,8,65,25660.22,3687.3100000000004,7233.83,2.9197
2025-01-14,274,7,92,22206.16,2543.69,8041.12,2.5547
2025-01-15,274,6,76,25644.25,2106.82,7850.29,2.1898
2025-01-16,274,12,115,22294.46,1198.58,9264.3,4.3796
2025-01-17,273,5,87,24392.98,335.21999999999997,5850.89,1.8315
2025-01-18,274,6,81,29027.62,1610.41,9470.3,2.1898
2025-01-19,274,7,89,23291.65,1945.3600000000001,8163.49,2.5547
2025-01-20,274,15,94,25499.05,3141.1099999999997,8893.24,5.4745
2025-01-21,274,6,79,24388.24,307.28000000000003,6691.32,2.1898
2025-01-22,274,9,93,25968.64,2755.65,10651.8,3.2847
2025-01-23,274,10,84,27090.42,3956.71,10966.57,3.6496
2025-01-24,274,15,100,28231.44,5544.26,12373.06,5.4745
2025-01-25,274,11,95,25554.31,4465.400000000001,11576.07,4.0146
2025-01-26,274,5,97,24000.75,1345.3400000000001,8587.11,1.8248
2025-01-27,274,9,94,27196.18,4905.07,11530.07,3.2847
2025-01-28,274,10,102,26693.09,3642.1,11398.41,3.6496
2025-01-29,274,6,78,23443.57,613.74,5552.04,2.1898
2025-01-30,274,7,96,23577.13,1320.6,10129.65,2.5547
2025-01-31,274,9,97,24144.82,1699.52,9394.4,3.2847
2025-02-01,274,10,93,21250.75,1321.72,8775.69,3.6496
2025-02-02,274,10,87,23384.1,1770.61,8108.89,3.6496
2025-02-03,274,12,88,24651.79,1891.21,9588.89,4.3796
2025-02-04,274,8,92,25113.94,1801.8700000000001,10113.74,2.9197
2025-02-05,274,6,90,24619.59,1921.16,7726.05,2.1898
2025-02-06,274,8,91,27458.89,4817.92,10394.789999999999,2.9197
2025-02-07,274,9,99,26467.96,448.27,8677.539999999999,3.2847
2025-02-08,274,6,82,22667.81,505.38,6414.91,2.1898
2025-02-09,274,8,80,24792.16,649.01,5473.59,2.9197
2025-02-10,274,11,90,23598.67,3413.76,9323.26,4.0146
2025-02-11,274,9,96,24470.81,315.44,8375.23,3.2847
2025-02-12,274,5,93,23268.58,2779.23,9116.58,1.8248
2025-02-13,274,4,93,28450.39,381.22,9329.63,1.4599
2025-02-14,274,8,90,22459.58,436.43,6953.5,2.9197
2025-02-15,274,10,84,26978.09,496.06,6388.09,3.6496
2025-02-16,274,9,80,24191.74,1478.8899999999999,7936.0599999999995,3.2847
2025-02-17,274,11,74,28182.0,5225.97,10245.4,4.0146
2025-02-18,274,2,70,21792.67,421.4,5417.36,0.7299
2025-02-19,274,2,102,24428.329999999998,69.15,8214.99,0.7299
2025-02-20,274,10,90,27097.87,3877.8999999999996,10915.83,3.6496
2025-02-21,273,10,80,22427.17,1887.0900000000001,5741.18,3.663
2025-02-22,274,6,93,26338.38,3479.63,11522.88,2.1898
2025-02-23,274,5,88,24886.579999999998,1401.78,5434.75,1.8248
2025-02-24,274,7,96,27136.49,2508.4700000000003,10162.61,2.5547
2025-02-25,274,6,88,28962.81,1341.99,9721.460000000001,2.1898
2025-02-26,274,6,102,23140.18,2227.71,9338.53,2.1898
2025-02-27,274,6,83,25605.21,370.79,5619.13,2.1898
2025-02-28,274,5,91,23311.65,1570.0900000000001,8716.93,1.8248
2025-03-01,274,8,88,29176.78,2698.79,12277.81,2.9197
2025-03-02,274,8,85,34107.77,9280.24,15602.6,2.9197
2025-03-03,274,3,100,31240.88,5587.95,13786.34,1.0949
2025-03-04,274,7,95,22328.13,2939.8900000000003,9576.46,2.5547
2025-03-05,274,10,88,25776.09,2195.95,8463.25,3.6496
2025-03-06,274,7,86,23949.99,248.8,6410.76,2.5547
2025-03-07,274,13,92,24657.54,951.3199999999999,7504.24,4.7445
2025-03-08,274,7,94,25463.01,1111.69,9989.15,2.5547
2025-03-09,274,3,78,25829.97,1224.55,6966.48,1.0949
2025-03-10,274,12,86,25446.06,3842.8,9126.05,4.3796
2025-03-11,274,10,78,25778.36,2129.5699999999997,7765.66,3.6496
2025-03-12,274,8,85,26580.24,2939.0600000000004,11539.04,2.9197
2025-03-13,274,9,98,26087.23,3972.39,12308.74,3.2847
2025-03-14,274,5,87,25290.81,2454.7400000000002,9799.3,1.8248
2025-03-15,274,8,91,22680.41,348.98,5602.04,2.9197
2025-03-16,274,9,93,28879.44,3834.6500000000005,11281.21,3.2847
2025-03-17,274,11,96,23710.54,1968.6500000000003,7766.85,4.0146
2025-03-18,274,7,84,24895.37,1742.5800000000002,8875.17,2.5547
2025-03-19,274,13,98,23227.8,2940.92,9288.68,4.7445
2025-03-20,274,10,101,26356.01,1087.76,8277.45,3.6496
2025-03-21,274,8,87,29232.47,405.39,9265.99,2.9197
2025-03-22,274,9,86,25729.99,2036.0500000000002,10924.41,3.2847
2025-03-23,274,13,88,26104.42,3983.64,9753.8,4.7445
2025-03-24,274,7,89,23441.15,3238.0299999999997,8285.449999999999,2.5547
2025-03-25,274,11,103,25777.1,1345.81,9696.8,4.0146
2025-03-26,274,8,79,21067.36,2039.3000000000002,6282.08,2.9197
2025-03-27,273,9,93,25384.33,3470.35,11035.21,3.2967
2025-03-28,274,8,89,25566.09,1303.6599999999999,10170.61,2.9197
2025-03-29,274,8,93,22810.8,1191.68,8217.59,2.9197
2025-03-30,274,3,92,21640.44,853.12,6821.92,1.0949
2025-03-31,274,8,84,26115.12,1852.9900000000002,7221.14,2.9197
2025-04-01,274,7,80,26600.18,3533.9700000000003,8261.28,2.5547
2025-04-02,274,6,81,23915.99,807.88,8002.72,2.1898
2025-04-03,274,9,74,25282.26,2969.4399999999996,7844.95,3.2847
2025-04-04,274,6,94,24923.71,223.17000000000002,8065.2,2.1898
2025-04-05,274,7,98,22360.11,844.27,6507.18,2.5547
2025-04-06,274,6,97,26282.78,2427.27,10558.89,2.1898
2025-04-07,274,6,84,29032.17,420.08000000000004,9119.97,2.1898
2025-04-08,274,5,88,25853.4,2364.17,8246.99,1.8248
2025-04-09,274,9,95,20827.57,878.37,8005.63,3.2847
2025-04-10,274,4,76,23835.72,345.14,8121.3,1.4599
2025-04-11,274,12,80,27831.28,3316.9,8216.12,4.3796
2025-04-12,274,13,97,31455.24,5415.42,15264.57,4.7445
2025-04-13,274,9,86,26094.829999999998,5014.24,9976.24,3.2847
2025-04-14,274,8,90,23731.77,580.37,8064.14,2.9197
2025-04-15,274,11,91,27867.64,3346.43,12286.55,4.0146
2025-04-16,274,7,106,27398.82,2298.34,13200.43,2.5547
2025-04-17,274,6,95,25989.17,1172.82,8585.5,2.1898
2025-04-18,274,6,79,32940.88,5301.84,14891.6,2.1898
2025-04-19,274,11,87,26581.94,1197.99,8379.17,4.0146
2025-04-20,274,7,96,19956.39,362.04,6852.38,2.5547
2025-04-21,274,8,102,26534.98,1789.3400000000001,11167.16,2.9197
2025-04-22,274,8,94,27821.31,1776.23,9447.79,2.9197
2025-04-23,274,10,93,29552.66,5388.46,12724.77,3.6496
2025-04-24,274,11,88,26473.88,2230.71,7914.37,4.0146
2025-04-25,274,5,88,25801.45,1316.0200000000002,8540.36,1.8248
2025-04-26,274,6,69,26470.08,841.2,8385.29,2.1898
2025-04-27,274,10,84,28836.96,4069.12,9901.08,3.6496
2025-04-28,274,10,91,24793.27,1649.2,10045.39,3.6496
2025-04-29,274,16,99,22655.4,1190.4199999999998,6705.88,5.8394
2025-04-30,274,11,86,24700.56,1279.71,8390.73,4.0146
2025-05-01,273,8,76,23655.63,2236.83,6830.39,2.9304
2025-05-02,274,5,94,25573.65,3508.66,10264.44,1.8248
2025-05-03,274,11,86,24357.98,1932.11,8757.35,4.0146
2025-05-04,274,5,74,24540.55,2134.86,6349.13,1.8248
2025-05-05,274,8,96,28881.98,5760.12,12889.59,2.9197
2025-05-06,274,8,83,23431.7,502.91,6820.8099999999995,2.9197
2025-05-07,274,15,104,23514.28,2186.54,9782.449999999999,5.4745
2025-05-08,274,9,86,25776.04,1043.1100000000001,5797.34,3.2847
2025-05-09,274,7,84,23443.91,1677.07,7433.07,2.5547
2025-05-10,274,9,92,25995.47,644.65,7868.81,3.2847
2025-05-11,274,8,94,30313.22,1835.1200000000001,10485.56,2.9197
2025-05-12,274,4,72,23314.91,3141.04,9670.460000000001,1.4599
2025-05-13,274,11,90,23060.41,1346.12,9051.4,4.0146
2025-05-14,274,5,75,26106.42,2986.1899999999996,9246.94,1.8248
2025-05-15,274,8,89,22898.05,1508.3400000000001,7720.49,2.9197
2025-05-16,274,6,88,23875.0,1851.3,9756.75,2.1898
2025-05-17,274,11,107,25826.79,3346.7799999999997,10034.27,4.0146
2025-05-18,274,7,87,28094.07,4201.04,10143.59,2.5547
2025-05-19,274,4,91,24679.03,215.68,9044.35,1.4599
2025-05-20,274,7,88,23961.81,3601.4,8071.37,2.5547
2025-05-21,274,10,88,29867.09,2045.08,10982.08,3.6496
2025-05-22,274,11,81,31363.38,6942.030000000001,12413.55,4.0146
2025-05-23,274,11,82,22688.37,1235.8,7110.59,4.0146
2025-05-24,274,10,101,26684.38,2368.25,11143.93,3.6496
2025-05-25,274,7,95,23767.49,467.96,9389.82,2.5547
2025-05-26,274,10,91,22853.89,1356.47,7321.78,3.6496
2025-05-27,274,7,96,27332.37,2382.51,10460.4,2.5547
2025-05-28,274,8,74,26030.12,1018.3100000000001,6403.79,2.9197
2025-05-29,274,6,88,24014.12,923.23,8187.66,2.1898
2025-05-30,274,8,73,20805.56,589.32,4845.86,2.9197
2025-05-31,274,6,80,21248.2,801.4300000000001,6886.21,2.1898
2025-06-01,274,10,68,29966.73,5502.81,11600.71,3.6496
2025-06-02,274,7,81,21366.54,466.19,5921.33,2.5547
2025-06-03,274,7,96,28311.42,1532.1699999999998,11367.22,2.5547
2025-06-04,274,8,75,29104.66,2090.83,10351.34,2.9197
2025-06-05,273,8,85,26807.93,2638.4900000000002,11892.65,2.9304
2025-06-06,274,13,82,27546.34,5279.09,12706.210000000001,4.7445
2025-06-07,274,4,89,24336.86,407.64,7760.75,1.4599
2025-06-08,274,11,94,20975.31,1179.33,6968.6,4.0146
2025-06-09,274,4,96,26696.51,213.99,8733.67,1.4599
2025-06-10,274,11,93,28335.44,4535.47,13834.08,4.0146
2025-06-11,274,4,64,22807.42,1677.22,7327.88,1.4599
2025-06-12,274,4,85,25625.71,3653.99,10115.08,1.4599
2025-06-13,274,5,93,26128.71,2324.38,11537.31,1.8248
2025-06-14,274,8,101,24126.98,359.65000000000003,8271.54,2.9197
2025-06-15,274,4,78,27790.55,1869.2,9417.08,1.4599
2025-06-16,274,4,81,27580.38,2875.85,7770.49,1.4599
2025-06-17,274,11,82,23849.92,1826.17,8033.78,4.0146
2025-06-18,274,8,81,26092.2,1649.34,6534.83,2.9197
2025-06-19,274,7,89,23302.51,2067.69,8643.01,2.5547
2025-06-20,274,6,106,24640.55,1685.0899999999997,8822.55,2.1898
2025-06-21,274,9,89,28895.65,4666.32,11158.15,3.2847
2025-06-22,274,11,89,31500.89,3491.88,9391.81,4.0146
2025-06-23,274,11,95,21616.670000000002,1268.96,6932.83,4.0146
2025-06-24,274,11,80,25065.91,2949.0399999999995,8242.56,4.0146
2025-06-25,274,6,94,25971.68,3837.72,9973.36,2.1898
2025-06-26,274,2,75,23255.62,36.45,4983.73,0.7299
2025-06-27,274,4,96,25634.88,66.03999999999999,11327.05,1.4599
2025-06-28,274,11,89,26594.56,3202.45,10145.26,4.0146
2025-06-29,274,3,96,26007.24,1106.6,9943.539999999999,1.0949
2025-06-30,274,9,85,25160.02,766.53,7013.54,3.2847
2025-07-01,274,6,84,24225.79,372.63,7750.67,2.1898
2025-07-02,274,20,114,31731.21,7324.01,14790.97,7.2993
2025-07-03,274,4,102,23221.54,475.71,7749.25,1.4599
2025-07-04,274,5,97,26539.05,267.64,8881.81,1.8248
2025-07-05,274,8,84,26546.3,4585.29,9091.21,2.9197
2025-07-06,274,7,93,21520.71,827.87,6487.43,2.5547
2025-07-07,274,9,111,26078.48,3714.8299999999995,12124.19,3.2847
2025-07-08,274,5,78,22769.09,99.42,6353.9,1.8248
2025-07-09,274,8,85,28752.06,770.8699999999999,9536.77,2.9197
2025-07-10,273,9,91,24613.39,1705.7800000000002,7410.57,3.2967
2025-07-11,274,6,88,20616.82,600.1999999999999,7480.43,2.1898
2025-07-12,274,11,100,27156.11,1947.9499999999998,11727.74,4.0146
2025-07-13,274,7,85,24847.87,491.68,7910.91,2.5547
2025-07-14,274,12,96,24565.66,3527.68,11122.29,4.3796
2025-07-15,274,7,100,23646.98,3917.84,9554.92,2.5547
2025-07-16,274,13,96,28795.88,1391.87,9127.89,4.7445
2025-07-17,274,6,93,31940.38,8049.579999999999,15051.99,2.1898
2025-07-18,274,10,90,29178.67,1692.84,10097.44,3.6496
2025-07-19,274,7,79,23864.74,439.28,6389.55,2.5547
2025-07-20,274,9,94,23695.18,544.78,8702.62,3.2847
2025-07-21,274,8,89,26487.52,1247.8600000000001,8541.34,2.9197
2025-07-22,274,2,72,25038.69,478.51,8895.99,0.7299
2025-07-23,274,9,77,24884.86,816.3299999999999,6412.74,3.2847
2025-07-24,274,10,102,25727.19,1327.55,10196.74,3.6496
2025-07-25,274,6,93,26289.07,1753.92,10857.61,2.1898
2025-07-26,274,9,91,24965.8,1785.48,10743.63,3.2847
2025-07-27,274,6,79,31717.27,1811.8799999999999,9403.02,2.1898
2025-07-28,274,10,95,28804.76,4858.56,11645.08,3.6496
2025-07-29,274,9,86,25173.34,1792.54,9237.15,3.2847
2025-07-30,274,3,81,21663.84,499.83,7756.19,1.0949
2025-07-31,274,6,85,29371.97,5620.23,11518.59,2.1898
2025-08-01,274,3,87,26095.36,2996.14,11169.720000000001,1.0949
2025-08-02,274,4,89,24517.2,145.06,7675.3,1.4599
2025-08-03,274,11,79,24662.89,1993.29,7669.93,4.0146
2025-08-04,274,6,84,21565.9,257.96000000000004,6023.66,2.1898
2025-08-05,274,7,79,26256.78,2258.48,8522.9,2.5547
2025-08-06,274,7,93,25324.329999999998,1783.3899999999999,8766.81,2.5547
2025-08-07,274,4,81,27115.42,42.93,8037.11,1.4599
2025-08-08,274,8,89,27700.4,4435.429999999999,12343.12,2.9197
2025-08-09,274,8,96,25670.1,767.6899999999999,10967.76,2.9197
2025-08-10,274,11,101,20579.7,669.06,8188.12,4.0146
2025-08-11,274,16,86,26031.66,3631.0699999999997,10468.199999999999,5.8394
2025-08-12,274,11,87,28799.75,5160.51,12226.45,4.0146
2025-08-13,273,12,91,22146.14,2093.06,8494.68,4.3956
2025-08-14,274,8,91,30347.81,3099.15,10237.21,2.9197
2025-08-15,274,8,91,26429.48,3139.4,11403.23,2.9197
2025-08-16,274,8,86,23846.9,1047.73,6755.32,2.9197
2025-08-17,274,12,91,26618.98,3249.72,8654.67,4.3796
2025-08-18,274,7,97,23016.37,214.63,7073.61,2.5547
2025-08-19,274,9,96,25654.12,2638.95,9722.38,3.2847
2025-08-20,274,5,84,22689.38,315.05,6724.24,1.8248
2025-08-21,274,6,88,25816.87,906.25,9989.93,2.1898
2025-08-22,274,10,92,23567.95,960.04,9925.16,3.6496
2025-08-23,274,8,88,24677.95,498.72,8595.02,2.9197
2025-08-24,274,9,88,25098.78,1924.6499999999999,8535.14,3.2847
2025-08-25,274,5,80,20353.2,236.43,3987.83,1.8248
2025-08-26,274,10,94,29479.22,6849.04,14659.28,3.6496
2025-08-27,274,10,92,28163.75,4348.92,10050.92,3.6496
2025-08-28,274,10,87,29311.13,3243.52,12590.14,3.6496
2025-08-29,274,5,98,23601.45,4042.0,10186.41,1.8248
2025-08-30,274,10,84,24897.45,1164.4099999999999,9174.11,3.6496
2025-08-31,274,9,84,23432.36,2900.79,8253.95,3.2847
2025-09-01,274,12,92,24572.98,1780.31,8775.69,4.3796
2025-09-02,274,12,103,31351.54,8254.52,16328.35,4.3796
2025-09-03,274,6,93,27493.91,2875.8799999999997,10797.880000000001,2.1898
2025-09-04,274,6,82,26769.239999999998,3177.27,8867.77,2.1898
2025-09-05,274,8,76,26338.99,3124.48,10017.05,2.9197
2025-09-06,274,8,100,24731.55,595.26,7662.33,2.9197
2025-09-07,274,7,85,39358.9,13850.04,20512.43,2.5547
2025-09-08,274,12,99,22340.71,1265.04,7948.25,4.3796
2025-09-09,274,4,86,24638.7,120.39999999999999,8121.8099999999995,1.4599
2025-09-10,274,7,83,20568.63,353.89,5708.52,2.5547
2025-09-11,274,11,88,28599.49,2428.27,11295.35,4.0146
2025-09-12,274,7,91,24201.44,392.21999999999997,7187.849999999999,2.5547
2025-09-13,274,6,86,21712.73,1696.43,7662.360000000001,2.1898
2025-09-14,274,3,90,25035.75,279.14,8915.02,1.0949
2025-09-15,274,9,78,26642.02,1552.8,7895.67,3.2847
2025-09-16,274,9,86,27417.96,1870.5800000000002,10013.68,3.2847
2025-09-17,273,3,90,28235.85,1460.25,9842.07,1.0989
2025-09-18,274,5,103,19009.32,203.61,7710.88,1.8248
2025-09-19,274,8,81,24300.25,938.51,6983.04,2.9197
2025-09-20,274,8,96,20182.98,761.93,6542.96,2.9197
2025-09-21,274,8,87,23824.61,2592.52,8821.23,2.9197
2025-09-22,274,8,80,24909.26,1877.41,7978.84,2.9197
2025-09-23,274,12,93,24291.37,3569.69,9150.07,4.3796
2025-09-24,274,10,101,24644.54,470.11,8793.28,3.6496
2025-09-25,274,10,72,28041.27,1862.6,9119.15,3.6496
2025-09-26,274,4,85,29208.45,3968.02,11147.33,1.4599
2025-09-27,274,7,98,26829.13,1519.09,9516.11,2.5547
2025-09-28,274,8,88,24883.54,747.4300000000001,7739.81,2.9197
2025-09-29,274,12,78,23530.99,2071.4300000000003,7121.72,4.3796
2025-09-30,274,6,97,24162.12,249.18,7208.46,2.1898
2025-10-01,274,4,89,23316.18,1155.19,6979.860000000001,1.4599
2025-10-02,274,11,88,25154.36,3592.51,8867.92,4.0146
2025-10-03,274,6,88,22875.38,149.23,7293.26,2.1898
2025-10-04,274,4,89,22873.83,229.23000000000002,7876.02,1.4599
2025-10-05,274,11,92,23852.23,701.73,7321.58,4.0146
2025-10-06,274,7,104,22548.84,1736.44,8231.46,2.5547
2025-10-07,274,7,87,25553.899999999998,2764.0699999999997,8798.88,2.5547
2025-10-08,274,9,99,26486.83,1977.82,9878.17,3.2847
2025-10-09,274,14,110,27163.55,2541.27,13665.970000000001,5.1095
2025-10-10,274,5,84,25596.29,289.71,6186.01,1.8248
2025-10-11,274,13,93,26826.89,5422.62,12692.38,4.7445
2025-10-12,274,5,97,29827.73,4877.92,12324.7,1.8248
2025-10-13,274,6,98,24046.87,205.84,9666.52,2.1898
2025-10-14,274,9,93,22530.56,365.45,6675.6,3.2847
2025-10-15,274,9,84,28770.35,2933.29,12351.4,3.2847
2025-10-16,274,8,87,24412.92,958.4300000000001,7684.57,2.9197
2025-10-17,274,7,83,24526.39,2221.65,8852.49,2.5547
2025-10-18,274,6,83,22711.66,147.15,4827.28,2.1898
2025-10-19,274,3,88,19306.6,56.96,5577.27,1.0949
2025-10-20,274,8,97,29008.85,4683.86,12292.119999999999,2.9197
2025-10-21,274,7,87,27998.35,3657.9500000000003,10498.23,2.5547
2025-10-22,273,7,86,32609.89,679.24,15772.48,2.5641
2025-10-23,274,6,89,29886.41,723.97,7350.18,2.1898
2025-10-24,274,8,100,25157.55,676.33,8962.630000000001,2.9197
2025-10-25,274,8,98,22645.91,2945.34,8739.74,2.9197
2025-10-26,274,10,94,27181.66,4857.4800000000005,12634.369999999999,3.6496
2025-10-27,274,5,84,22403.91,1390.3300000000002,7467.1,1.8248
2025-10-28,274,11,88,26864.84,2573.91,9435.91,4.0146
2025-10-29,274,7,97,23151.13,1262.83,6636.15,2.5547
2025-10-30,274,4,79,22073.26,1368.4900000000002,7301.2300000000005,1.4599
2025-10-31,274,8,90,23902.15,371.85,8776.9,2.9197
2025-11-01,274,5,81,25209.68,134.43,7073.75,1.8248
2025-11-02,274,7,93,21799.22,1129.5000000000002,7637.6900000000005,2.5547
2025-11-03,274,9,95,26852.86,4493.35,12203.78,3.2847
2025-11-04,274,11,93,25382.76,2558.11,8945.27,4.0146
2025-11-05,274,9,88,24431.16,2540.98,9682.43,3.2847
2025-11-06,274,11,83,24804.7,2520.38,7775.59,4.0146
2025-11-07,274,8,82,23655.47,780.87,6481.98,2.9197
2025-11-08,274,14,106,25436.25,2563.89,11693.81,5.1095
2025-11-09,274,5,84,25775.05,2933.42,9578.54,1.8248
2025-11-10,274,7,88,22700.26,520.82,7443.83,2.5547
2025-11-11,274,8,77,29445.96,572.54,7503.92,2.9197
2025-11-12,274,5,95,23092.420000000002,315.93,8757.41,1.8248
2025-11-13,274,6,86,23721.56,1598.23,8494.949999999999,2.1898
2025-11-14,274,8,86,23130.39,1043.8100000000002,7231.43,2.9197
2025-11-15,274,9,88,28021.82,2652.01,8538.94,3.2847
2025-11-16,274,5,87,22196.32,286.38,7110.28,1.8248
2025-11-17,274,8,93,23427.06,4234.59,8962.61,2.9197
2025-11-18,274,7,74,24142.59,2967.97,8296.16,2.5547
2025-11-19,274,8,80,20817.7,2449.7,7711.29,2.9197
2025-11-20,274,7,91,25533.29,797.0600000000001,7848.969999999999,2.5547
2025-11-21,274,9,94,23572.86,573.55,8431.39,3.2847
2025-11-22,274,11,89,25871.78,846.3299999999999,7285.07,4.0146
2025-11-23,274,5,79,20350.77,109.4,5891.21,1.8248
2025-11-24,274,10,93,26735.67,584.87,9886.76,3.6496
2025-11-25,274,9,95,23433.48,2054.93,8125.51,3.2847
2025-11-26,273,8,97,25008.36,648.1999999999999,7355.6,2.9304
2025-11-27,274,12,105,23519.2,2016.04,9111.13,4.3796
2025-11-28,274,14,67,24842.11,944.92,7516.32,5.1095
2025-11-29,274,4,74,29807.93,233.34,8860.71,1.4599
2025-11-30,274,10,99,22542.8,766.8900000000001,7864.58,3.6496
2025-12-01,274,6,83,23565.24,430.69,6240.49,2.1898
2025-12-02,274,6,83,22497.0,1376.8500000000001,7127.63,2.1898
2025-12-03,274,5,94,27852.95,5475.55,12750.18,1.8248
2025-12-04,274,11,92,21286.2,828.76,5224.88,4.0146
2025-12-05,274,5,82,25947.91,524.53,9962.16,1.8248
2025-12-06,274,9,95,24908.63,2377.0,9809.8,3.2847
2025-12-07,274,9,84,24366.25,1548.19,7934.18,3.2847
2025-12-08,274,7,81,25836.88,3635.82,9639.55,2.5547
2025-12-09,274,9,89,20883.82,520.08,6015.38,3.2847
2025-12-10,274,7,92,22132.18,1582.19,7265.05,2.5547
2025-12-11,274,8,91,26905.69,2296.27,10201.26,2.9197
2025-12-12,274,10,95,28065.91,5980.5,13429.539999999999,3.6496
2025-12-13,274,9,81,21440.79,160.49,6146.9,3.2847
2025-12-14,274,11,96,25926.88,5642.13,11525.29,4.0146
2025-12-15,274,5,76,26326.1,384.48,8957.34,1.8248
2025-12-16,274,8,91,23596.28,1611.23,7744.51,2.9197
2025-12-17,274,4,88,23604.27,1947.13,7270.79,1.4599
2025-12-18,274,6,75,24341.09,519.11,6278.8,2.1898
2025-12-19,274,9,100,24443.23,3478.55,9313.61,3.2847
2025-12-20,274,9,103,22988.88,1989.8899999999999,9470.18,3.2847
2025-12-21,274,9,98,20567.45,706.14,6364.68,3.2847
2025-12-22,274,5,89,24376.27,225.20999999999998,8237.85,1.8248
2025-12-23,274,7,82,23309.76,352.57,5730.32,2.5547
2025-12-24,274,5,93,24112.47,381.09000000000003,7393.39,1.8248
2025-12-25,274,10,87,25439.94,1040.96,5567.16,3.6496
2025-12-26,274,10,85,26370.13,3600.04,7979.139999999999,3.6496
2025-12-27,274,13,96,27359.4,2878.9100000000003,10573.24,4.7445
2025-12-28,274,10,98,23297.12,2435.26,9522.75,3.6496
2025-12-29,274,9,98,33325.86,4363.04,17110.9,3.2847
2025-12-30,273,12,101,25750.95,2831.29,9941.76,4.3956
2025-12-31,1,0,0,6.31,0.0,0.0,0.0
